-- phpMyAdmin SQL Dump
-- version 5.2.0
-- https://www.phpmyadmin.net/
--
-- Servidor: localhost
-- Tiempo de generación: 20-05-2023 a las 00:05:03
-- Versión del servidor: 10.4.27-MariaDB
-- Versión de PHP: 8.2.0

SET SQL_MODE = "NO_AUTO_VALUE_ON_ZERO";
START TRANSACTION;
SET time_zone = "+00:00";


/*!40101 SET @OLD_CHARACTER_SET_CLIENT=@@CHARACTER_SET_CLIENT */;
/*!40101 SET @OLD_CHARACTER_SET_RESULTS=@@CHARACTER_SET_RESULTS */;
/*!40101 SET @OLD_COLLATION_CONNECTION=@@COLLATION_CONNECTION */;
/*!40101 SET NAMES utf8mb4 */;

--
-- Base de datos: `CONTROLCAJA`
--

-- --------------------------------------------------------

--
-- Estructura de tabla para la tabla `ACCESOS`
--

CREATE TABLE `ACCESOS` (
  `acceso_id` int(5) NOT NULL,
  `turno_id` int(5) NOT NULL,
  `user_id` int(5) NOT NULL,
  `fecha_hora_creado` timestamp NOT NULL DEFAULT current_timestamp() ON UPDATE current_timestamp()
) ENGINE=InnoDB DEFAULT CHARSET=utf8mb4 COLLATE=utf8mb4_general_ci;

--
-- Volcado de datos para la tabla `ACCESOS`
--

INSERT INTO `ACCESOS` (`acceso_id`, `turno_id`, `user_id`, `fecha_hora_creado`) VALUES
(119, 229, 2, '2023-02-09 21:16:20'),
(120, 243, 2, '2023-02-09 21:16:20'),
(121, 244, 1, '2023-02-09 21:16:20'),
(122, 246, 1, '2023-02-10 12:08:56'),
(123, 247, 2, '2023-02-10 17:48:24'),
(124, 248, 2, '2023-02-11 12:14:07'),
(125, 249, 1, '2023-02-11 18:59:29'),
(126, 250, 1, '2023-02-12 13:07:37'),
(127, 251, 1, '2023-02-13 12:01:47'),
(128, 252, 2, '2023-02-13 17:48:25'),
(129, 253, 2, '2023-02-14 11:57:00'),
(130, 254, 1, '2023-02-14 18:02:25'),
(131, 255, 1, '2023-02-15 12:12:18'),
(132, 256, 2, '2023-02-15 17:58:20'),
(133, 257, 2, '2023-02-16 11:50:43'),
(134, 258, 1, '2023-02-16 17:56:58'),
(135, 259, 1, '2023-02-17 11:59:00'),
(136, 260, 2, '2023-02-17 18:00:54'),
(137, 261, 1, '2023-02-18 12:04:42'),
(138, 262, 2, '2023-02-18 18:45:42'),
(139, 263, 2, '2023-02-19 12:55:07'),
(140, 264, 1, '2023-02-20 12:12:10'),
(141, 265, 2, '2023-02-20 18:04:45'),
(142, 266, 2, '2023-02-21 11:57:22'),
(143, 267, 1, '2023-02-21 17:59:50'),
(144, 268, 1, '2023-02-22 12:25:32'),
(145, 269, 2, '2023-02-22 17:46:33'),
(146, 270, 2, '2023-02-23 11:54:35'),
(147, 271, 1, '2023-02-23 18:29:43'),
(148, 272, 1, '2023-02-24 12:09:21'),
(149, 273, 2, '2023-02-24 17:47:18'),
(150, 274, 2, '2023-02-25 11:55:32'),
(151, 275, 1, '2023-02-25 18:58:10'),
(152, 276, 1, '2023-02-26 13:03:50'),
(153, 277, 1, '2023-02-27 11:59:20'),
(154, 278, 2, '2023-02-27 17:43:22'),
(155, 279, 2, '2023-02-28 11:57:15'),
(156, 280, 1, '2023-02-28 17:44:44'),
(157, 281, 1, '2023-03-01 12:04:00'),
(158, 282, 2, '2023-03-01 17:47:22'),
(159, 283, 2, '2023-03-02 12:03:12'),
(160, 284, 1, '2023-03-02 18:04:28'),
(161, 285, 1, '2023-03-03 12:35:31'),
(162, 286, 2, '2023-03-03 17:50:36'),
(163, 287, 1, '2023-03-04 12:24:44'),
(164, 288, 1, '2023-03-04 14:19:37'),
(165, 289, 2, '2023-03-04 18:41:43'),
(166, 290, 2, '2023-03-05 12:54:33'),
(167, 291, 1, '2023-03-05 20:57:41'),
(168, 292, 1, '2023-03-06 11:51:01'),
(169, 293, 2, '2023-03-06 17:54:16'),
(170, 294, 2, '2023-03-07 11:53:04'),
(171, 295, 1, '2023-03-07 17:50:58'),
(172, 296, 1, '2023-03-08 12:20:01'),
(173, 297, 2, '2023-03-08 17:44:02'),
(174, 298, 2, '2023-03-09 12:04:31'),
(175, 299, 1, '2023-03-09 17:51:49'),
(176, 300, 1, '2023-03-10 12:08:27'),
(177, 301, 2, '2023-03-10 17:52:41'),
(178, 302, 2, '2023-03-11 11:56:49'),
(179, 303, 1, '2023-03-11 19:07:27'),
(180, 304, 1, '2023-03-12 13:20:21'),
(181, 305, 1, '2023-03-13 12:41:08'),
(182, 306, 2, '2023-03-13 17:50:09'),
(183, 307, 2, '2023-03-14 11:59:15'),
(184, 308, 1, '2023-03-14 17:53:59'),
(185, 309, 1, '2023-03-15 11:58:12'),
(186, 310, 2, '2023-03-15 17:51:29'),
(187, 311, 2, '2023-03-16 12:06:29'),
(188, 312, 1, '2023-03-16 17:54:07'),
(189, 313, 1, '2023-03-17 11:52:15'),
(190, 314, 2, '2023-03-17 17:49:06'),
(191, 315, 1, '2023-03-18 12:18:32'),
(192, 316, 2, '2023-03-18 18:59:59'),
(193, 317, 2, '2023-03-19 12:57:45'),
(194, 318, 1, '2023-03-20 13:00:00'),
(195, 319, 2, '2023-03-21 11:46:48'),
(196, 320, 1, '2023-03-21 17:55:11'),
(197, 321, 1, '2023-03-22 11:54:25'),
(198, 322, 2, '2023-03-22 17:46:29'),
(199, 323, 2, '2023-03-23 11:58:13'),
(200, 324, 1, '2023-03-23 18:00:32'),
(201, 325, 1, '2023-03-24 11:56:32'),
(202, 326, 2, '2023-03-24 17:52:41'),
(203, 327, 2, '2023-03-25 11:57:45'),
(204, 328, 1, '2023-03-25 18:52:25'),
(205, 329, 1, '2023-03-26 13:13:23'),
(206, 330, 1, '2023-03-27 12:10:49'),
(207, 331, 2, '2023-03-27 17:42:58'),
(208, 332, 2, '2023-03-28 11:55:52'),
(209, 333, 1, '2023-03-28 17:57:34'),
(210, 334, 1, '2023-03-29 12:17:58'),
(211, 335, 2, '2023-03-29 17:45:24'),
(212, 336, 2, '2023-03-30 11:57:06'),
(213, 337, 1, '2023-03-30 17:51:03'),
(214, 338, 1, '2023-03-31 12:18:45'),
(215, 339, 2, '2023-03-31 17:53:21'),
(216, 340, 2, '2023-04-17 21:22:14');

-- --------------------------------------------------------

--
-- Estructura de tabla para la tabla `BARRIOS`
--

CREATE TABLE `BARRIOS` (
  `barrio_id` int(5) NOT NULL,
  `barrio_nombre` varchar(100) NOT NULL,
  `barrio_comuna` varchar(5) NOT NULL
) ENGINE=InnoDB DEFAULT CHARSET=utf8mb4 COLLATE=utf8mb4_general_ci;

--
-- Volcado de datos para la tabla `BARRIOS`
--

INSERT INTO `BARRIOS` (`barrio_id`, `barrio_nombre`, `barrio_comuna`) VALUES
(1, 'CIUDAD CAMPESTRE', '1'),
(2, 'EL RETIRO', '1'),
(3, 'FATIMA', '1'),
(4, 'LOMITAS', '1'),
(5, 'JAZMIN', '1'),
(6, 'MIRAFLORES', '1'),
(7, 'PANAMERICANO', '1'),
(8, 'LA RIVERA', '1'),
(9, 'SAN BENITO', '1'),
(10, 'NUEVO FATIMA', '1'),
(11, 'VICTORIA', '1'),
(12, 'VILLA CAMPESTRE', '1'),
(13, 'VILLA DEL RIO', '1'),
(14, 'ALVERNIA', '2'),
(15, 'CESPEDES', '2'),
(16, 'ENTRE RIOS', '2'),
(17, 'FRANCISCANOS', '2'),
(18, 'NUEVO ALVERNIA', '2'),
(19, 'SAN VICENTE DE PAUL', '2'),
(20, 'SANTA LUCIA', '2'),
(21, 'LA SANTA CRUZ', '3'),
(22, 'CASA HUERTAS', '3'),
(23, 'EL BOSQUE', '3'),
(24, 'EL CONDOR', '3'),
(25, 'EL CONDOR II', '3'),
(26, 'EL DORADO', '3'),
(27, 'ESTAMBUL', '3'),
(28, 'LA INMACULADA', '3'),
(29, 'LA VILLA', '3'),
(30, 'LAS BRISAS', '3'),
(31, 'MORALES', '3'),
(32, 'NUEVO MORALES', '3'),
(33, 'MORALITO', '3'),
(34, 'POPULAR', '3'),
(35, 'SAN ANTONIO', '3'),
(36, 'SANTA RITA DEL RIO', '3'),
(37, 'URBANIZACION PEÑARANDA', '3'),
(38, 'VILLANUEVA', '3'),
(39, 'ALTOS DE LAS COLINAS', '3'),
(40, 'LAS COLINAS', '3'),
(41, 'EL CENTRO', '4'),
(42, 'ESCOBAR', '4'),
(43, 'LAS OLAS', '4'),
(44, 'PALOBONITO', '4'),
(45, 'TOMAS URIBE', '4'),
(46, 'AVENIDA CALI', '5'),
(47, 'CONJUNTO RESIDENCIAL LUSITANIA', '5'),
(48, 'DOCE DE OCTUBRE', '5'),
(49, 'EL LAGO', '5'),
(50, 'EL LAGUITO', '5'),
(51, 'EL PRINCIPE', '5'),
(52, 'NUEVO PRINCIPE', '5'),
(53, 'ARBOLEDA DEL DARIEN', '5'),
(54, 'LA BASTILLA', '5'),
(55, 'LA MERCED', '5'),
(56, 'LAS ACACIAS', '5'),
(57, 'LUSITANIA', '5'),
(58, 'SAJONIA', '5'),
(59, 'SALESIANO', '5'),
(60, 'SAN CARLOS', '5'),
(61, 'LAGUITO', '5'),
(62, 'QUINTAS DE SAN FELIPE', '5'),
(63, 'BOLIVAR', '6'),
(64, 'PLAYAS', '6'),
(65, 'MARANDUA', '6'),
(66, 'PUEBLO NUEVO', '6'),
(67, 'ASOGRIN', '6'),
(68, 'LA CEIBA', '6'),
(69, 'LA ESPERANZA', '6'),
(70, 'ASOAGRIN', '6'),
(71, 'LAS DELICIAS', '6'),
(72, 'EL PINAR', '6'),
(73, 'PROGRESAR', '6'),
(74, 'SAN PEDRO CLAVER', '6'),
(75, 'LA HERRADURA (urbanización)', '6'),
(76, 'LAS PALMAS', '6'),
(77, 'BUENOS AIRES', '6'),
(78, 'PARQUES DE VERSALLES', '6'),
(79, 'DEPARTAMENTAL', '7'),
(80, 'PORVENIR', '7'),
(81, 'FARFAN', '7'),
(82, 'LA QUINTA', '7'),
(83, 'LAS AMERICAS', '7'),
(84, 'LOS TOLUES', '7'),
(85, 'ROJAS', '7'),
(86, 'DIABLOS ROJOS 1', '7'),
(87, 'EL DESCANSO', '7'),
(88, 'EL LIMONAR', '7'),
(89, 'GUAYACANES', '7'),
(90, 'JOSE ANTONIO GALAN', '7'),
(91, 'LA CAMPIÑA', '7'),
(92, 'LAS NIEVES', '7'),
(93, 'LAURELES I Y II', '7'),
(94, 'NUEVO FARFAN', '7'),
(95, 'LOS OLMOS', '7'),
(96, 'PRADOS DEL NORTE', '7'),
(97, 'RUBEN CRUZ VELEZ', '7'),
(98, 'VILLA LILIANA', '7'),
(99, 'VILLA DEL SUR', '7'),
(100, 'CHIMINANGOS', '8'),
(101, 'MUNICIPAL', '8'),
(102, 'HORIZONTE', '8'),
(103, 'BOSQUES DE MARACAIBO', '8'),
(104, 'FAMILIAR', '8'),
(105, 'DIABLOS ROJOS II', '8'),
(106, 'EL REFUGIO', '8'),
(107, 'FLOR DE LA CAMPANA', '8'),
(108, 'SANTA ISABEL', '8'),
(109, 'JORGE ELIECER GAITAN', '8'),
(110, 'LA INDEPENDENCIA', '8'),
(111, 'RIO PAILA', '8'),
(112, 'SAN LUIS', '8'),
(113, 'SANTA INES', '8'),
(114, 'SINTRA SANCARLOS', '8'),
(115, 'TERCER MILENIO', '8'),
(116, 'ALAMEDA I Y II', '9'),
(117, 'EL JARDIN', '9'),
(118, 'EL PALMAR', '9'),
(119, 'LA GRACIELA', '9'),
(120, 'LA TRINIDAD', '9'),
(121, 'SIETE DE AGOSTO', '9'),
(122, 'VILLA COLOMBIA', '9'),
(123, 'INTERNACIONAL', '9'),
(124, 'JUAN XXIII', '9'),
(125, 'EL BOSQUECITO', '9'),
(126, 'MARACAIBO', '9'),
(127, 'PORTALES DEL RIO', '9'),
(128, 'SAMAN DEL NORTE', '9'),
(129, 'AGUACLARA', '10'),
(130, 'LA PAZ', '10'),
(131, 'SAN FRANCISCO', '10'),
(132, 'PARAISO', '10'),
(133, 'AGUACLARA', 'corr'),
(134, 'ALTAFLOR', 'corr'),
(135, 'BARRAGAN', 'corr'),
(136, 'BOCAS DE TULUA', 'corr'),
(137, 'CAMPOALEGRE', 'corr'),
(138, 'EL PICACHO', 'corr'),
(139, 'EL RETIRO', 'corr'),
(140, 'LA DIADEMA', 'corr'),
(141, 'LA IBERIA', 'corr'),
(142, 'LA MARINA', 'corr'),
(143, 'LA MORALIA', 'corr'),
(144, 'LA PALMERA', 'corr'),
(145, 'LOS CAIMOS', 'corr'),
(146, 'MONTELORO', 'corr'),
(147, 'NARIÑO', 'corr'),
(148, 'PIEDRITAS', 'corr'),
(149, 'PUERTO FRAZADAS', 'corr'),
(150, 'QUEBRADAGRANDE', 'corr'),
(151, 'SAN LORENZO', 'corr'),
(152, 'SAN RAFAEL', 'corr'),
(153, 'SANTA LUCIA', 'corr'),
(154, 'TOCHECITO', 'corr'),
(155, 'TRES ESQUINAS', 'corr'),
(156, 'VENUS', 'corr'),
(157, 'CIENEGUETA', 'vered'),
(158, 'LA CABALLERA', 'vered'),
(159, 'LA RIVERA', 'vered'),
(160, 'PALOMESTIZO', 'vered'),
(161, 'LA PALMERA', 'vered'),
(162, 'CONTADOR OWAR', '4'),
(163, 'CONSIGNACION', '6'),
(164, 'PRA INSUMOS', '4'),
(165, 'pra med ALBEIRO', '6'),
(166, 'pra med FARMAUNIDOS', '3'),
(167, 'pra med FAVORITA', '4'),
(168, 'pra med SALUDESCUENTOS', '6'),
(169, 'pra med FANDI centro', '4'),
(170, 'pra med COLOMBO', '1'),
(171, 'pra med YORMAN', '6'),
(172, 'pra med YOLANDA', '8'),
(173, 'pra med LA ECONOMIA cll25', '6'),
(174, 'org CC LA HERRADURA', '6'),
(175, 'org LA 14', '1'),
(176, 'org LA CURVA', '6'),
(177, 'org OLIMPICA DELICIAS', '6'),
(178, 'org CLINICA MARIA ANGEL', '1'),
(179, 'org PARQUE INDUSTRIAL', '1'),
(180, 'org HOTEL PRINCIPE', '4');

-- --------------------------------------------------------

--
-- Estructura de tabla para la tabla `CLIENTES`
--

CREATE TABLE `CLIENTES` (
  `cliente_id` int(5) NOT NULL,
  `cliente_nombre` varchar(100) NOT NULL,
  `cliente_apellido` varchar(100) NOT NULL,
  `cliente_documento` bigint(12) NOT NULL,
  `cliente_direccion` varchar(100) NOT NULL,
  `barrio_id` int(5) NOT NULL,
  `cliente_celular1` varchar(15) NOT NULL,
  `cliente_celular2` varchar(15) DEFAULT NULL,
  `cliente_fijo` varchar(15) DEFAULT NULL,
  `cliente_fecha_creado` date NOT NULL,
  `cliente_ultima_modificacion` date DEFAULT NULL
) ENGINE=InnoDB DEFAULT CHARSET=utf8mb4 COLLATE=utf8mb4_general_ci;

--
-- Volcado de datos para la tabla `CLIENTES`
--

INSERT INTO `CLIENTES` (`cliente_id`, `cliente_nombre`, `cliente_apellido`, `cliente_documento`, `cliente_direccion`, `barrio_id`, `cliente_celular1`, `cliente_celular2`, `cliente_fijo`, `cliente_fecha_creado`, `cliente_ultima_modificacion`) VALUES
(1, 'CAMILA', 'PEREZ', 1116567890, 'CRA 24#45-14', 47, '3149874567', '4562345678', '602300893', '2023-05-17', NULL);

-- --------------------------------------------------------

--
-- Estructura de tabla para la tabla `JORNADAS`
--

CREATE TABLE `JORNADAS` (
  `jornada_id` int(5) NOT NULL,
  `jornada_nombre` varchar(50) NOT NULL
) ENGINE=InnoDB DEFAULT CHARSET=utf8mb4 COLLATE=utf8mb4_general_ci;

--
-- Volcado de datos para la tabla `JORNADAS`
--

INSERT INTO `JORNADAS` (`jornada_id`, `jornada_nombre`) VALUES
(1, 'SEMANA 7:00am - 1:00pm'),
(2, 'SEMANA 1:00pm 10:00pm'),
(3, 'SÁBADO 7:00am - 2:00pm'),
(4, 'SÁBADO 2:00pm - 10:00pm'),
(5, 'DOM / FEST 8:00am - 10:00pm');

-- --------------------------------------------------------

--
-- Estructura de tabla para la tabla `PERFILES`
--

CREATE TABLE `PERFILES` (
  `perfil_id` int(5) NOT NULL,
  `perfil_nombre` varchar(200) NOT NULL,
  `perfil_descripcion` varchar(500) NOT NULL
) ENGINE=InnoDB DEFAULT CHARSET=utf8mb4 COLLATE=utf8mb4_general_ci;

--
-- Volcado de datos para la tabla `PERFILES`
--

INSERT INTO `PERFILES` (`perfil_id`, `perfil_nombre`, `perfil_descripcion`) VALUES
(1, 'RESPONSABLE_TURNO', 'Tiene acceso al panel de operaciones del turno, puede crear el turno de la jornada, y consultar información relacionada con el usuario'),
(2, 'ADMINISTRATIVO', 'Tiene acceso al panel administrativo, en el que puede revisar estadísticas de la operación de los turnos. no tiene facultades para modificar, solo consulta.\r\n'),
(3, 'SYSTEM_ADMIN', 'perfil con privilegios de administrador del sistema');

-- --------------------------------------------------------

--
-- Estructura de tabla para la tabla `ROL_VENDEDOR`
--

CREATE TABLE `ROL_VENDEDOR` (
  `rol_vendedor_id` int(5) NOT NULL,
  `rol_vendedor_descripcion` varchar(5) NOT NULL,
  `rol_vendedor_codigo` int(5) NOT NULL
) ENGINE=InnoDB DEFAULT CHARSET=utf8mb4 COLLATE=utf8mb4_general_ci;

--
-- Volcado de datos para la tabla `ROL_VENDEDOR`
--

INSERT INTO `ROL_VENDEDOR` (`rol_vendedor_id`, `rol_vendedor_descripcion`, `rol_vendedor_codigo`) VALUES
(1, 'NO', 20),
(2, 'SI', 200);

-- --------------------------------------------------------

--
-- Estructura de tabla para la tabla `TURNOS`
--

CREATE TABLE `TURNOS` (
  `turno_id` int(5) NOT NULL,
  `turno_fecha_creado` date DEFAULT NULL,
  `turno_jornada` int(5) NOT NULL COMMENT 'jornada_id',
  `turno_responsable` int(5) NOT NULL COMMENT 'user_id',
  `turno_saldo_caja` int(10) DEFAULT NULL,
  `turno_total_utilidad` int(10) DEFAULT NULL,
  `turno_total_entrega` int(10) DEFAULT NULL,
  `turno_descuadre` int(10) DEFAULT NULL,
  `turno_creacion_timestamp` timestamp NOT NULL DEFAULT current_timestamp(),
  `turno_fechahora_cierre` timestamp NULL DEFAULT NULL ON UPDATE current_timestamp()
) ENGINE=InnoDB DEFAULT CHARSET=utf8mb4 COLLATE=utf8mb4_general_ci;

--
-- Volcado de datos para la tabla `TURNOS`
--

INSERT INTO `TURNOS` (`turno_id`, `turno_fecha_creado`, `turno_jornada`, `turno_responsable`, `turno_saldo_caja`, `turno_total_utilidad`, `turno_total_entrega`, `turno_descuadre`, `turno_creacion_timestamp`, `turno_fechahora_cierre`) VALUES
(229, '2023-02-08', 2, 2, 899000, 92000, 991000, 0, '2023-02-08 20:45:43', '2023-02-09 19:17:52'),
(230, '2023-02-08', 1, 1, 556200, 7900, 564100, 0, '2023-02-08 20:57:13', '2023-02-08 21:01:20'),
(231, '2023-02-07', 1, 2, 388600, 36800, 425400, 0, '2023-02-08 21:03:24', '2023-02-08 21:25:18'),
(232, '2023-02-07', 2, 1, 913600, 33000, 946600, 10500, '2023-02-08 21:27:01', '2023-02-08 21:30:48'),
(233, '2023-02-06', 1, 1, 221900, 27000, 248900, 0, '2023-02-08 21:32:03', '2023-02-08 21:41:37'),
(234, '2023-02-06', 2, 2, 809500, 34000, 843500, 0, '2023-02-08 21:42:35', '2023-02-08 21:45:15'),
(235, '2023-02-05', 5, 2, 1139200, 52000, 1191200, 0, '2023-02-08 21:46:05', '2023-02-08 21:49:50'),
(236, '2023-02-04', 3, 1, 647100, 15000, 662100, 0, '2023-02-08 21:51:07', '2023-02-08 21:53:00'),
(237, '2023-02-04', 4, 2, 747600, 23900, 771500, 0, '2023-02-08 21:53:51', '2023-02-08 21:55:31'),
(238, '2023-02-03', 1, 1, 403600, 92000, 495600, 0, '2023-02-08 21:56:21', '2023-02-08 21:59:19'),
(239, '2023-02-02', 1, 2, 412700, 28000, 440700, 0, '2023-02-08 22:00:00', '2023-02-08 22:01:54'),
(240, '2023-02-02', 2, 1, 735500, 6300, 741800, 0, '2023-02-08 22:02:41', '2023-02-08 22:06:14'),
(241, '2023-02-01', 1, 1, 481700, 175200, 656900, 0, '2023-02-08 22:06:56', '2023-02-08 22:11:51'),
(242, '2023-02-01', 2, 2, 698200, 40300, 738500, 100, '2023-02-08 22:12:52', '2023-02-08 22:16:45'),
(243, '2023-02-09', 1, 2, 358800, 85000, 443800, 0, '2023-02-09 12:00:00', '2023-02-09 19:36:15'),
(244, '2023-02-09', 2, 1, 778800, 105400, 884200, 0, '2023-02-09 19:31:18', '2023-02-10 03:13:55'),
(245, '2023-02-03', 2, 2, 951800, 9000, 960800, 0, '2023-02-09 20:02:10', '2023-02-09 20:03:45'),
(246, '2023-02-10', 1, 1, 221600, 0, 221600, 0, '2023-02-10 12:08:56', '2023-02-10 17:46:48'),
(247, '2023-02-10', 2, 2, 669600, 30100, 699700, 0, '2023-02-10 17:48:24', '2023-02-11 03:02:14'),
(248, '2023-02-11', 3, 2, 323900, 24000, 347900, 0, '2023-02-11 12:14:07', '2023-02-11 18:52:36'),
(249, '2023-02-11', 4, 1, 777700, 18400, 796100, 0, '2023-02-11 18:59:28', '2023-02-12 03:07:12'),
(250, '2023-02-12', 5, 1, 958300, 17000, 975300, 0, '2023-02-12 13:07:37', '2023-02-13 03:01:54'),
(251, '2023-02-13', 1, 1, 391400, 17000, 408400, 0, '2023-02-13 12:01:47', '2023-02-13 17:45:40'),
(252, '2023-02-13', 2, 2, 1115200, 55000, 1170200, 9000, '2023-02-13 17:48:25', '2023-02-14 03:03:45'),
(253, '2023-02-14', 1, 2, 409900, 291200, 701100, 0, '2023-02-14 11:57:00', '2023-02-14 17:52:18'),
(254, '2023-02-14', 2, 1, 787500, 120500, 908000, 19500, '2023-02-14 18:02:25', '2023-02-15 03:12:49'),
(255, '2023-02-15', 1, 1, 338000, 24000, 362000, 500, '2023-02-15 12:12:17', '2023-02-15 17:57:53'),
(256, '2023-02-15', 2, 2, 933100, 12000, 945100, 0, '2023-02-15 17:58:20', '2023-02-16 03:04:12'),
(257, '2023-02-16', 1, 2, 342500, 6000, 348500, 0, '2023-02-16 11:50:43', '2023-02-16 17:52:53'),
(258, '2023-02-16', 2, 1, 668200, 95000, 763200, 1000, '2023-02-16 17:56:57', '2023-02-17 02:59:15'),
(259, '2023-02-17', 1, 1, 418700, 82000, 500700, 0, '2023-02-17 11:59:00', '2023-02-17 17:51:00'),
(260, '2023-02-17', 2, 2, 922200, 77000, 999200, 6500, '2023-02-17 18:00:53', '2023-02-18 13:24:35'),
(261, '2023-02-18', 3, 1, 534700, 0, 534700, 0, '2023-02-18 12:04:42', '2023-02-18 18:45:18'),
(262, '2023-02-18', 4, 2, 834900, 120000, 954900, 0, '2023-02-18 18:45:42', '2023-02-19 03:05:19'),
(263, '2023-02-19', 5, 2, 974800, 25000, 999800, 0, '2023-02-19 12:55:07', '2023-02-20 03:01:14'),
(264, '2023-02-20', 1, 1, 427600, 32000, 459600, 8000, '2023-02-20 12:12:10', '2023-02-20 18:01:07'),
(265, '2023-02-20', 2, 2, 1092100, 136000, 1228100, 3000, '2023-02-20 18:04:44', '2023-02-22 18:55:57'),
(266, '2023-02-21', 1, 2, 167100, 24000, 191100, 0, '2023-02-21 11:57:22', '2023-02-21 17:59:29'),
(267, '2023-02-21', 2, 1, 780900, 12900, 793800, 14300, '2023-02-21 17:59:49', '2023-02-22 03:03:37'),
(268, '2023-02-22', 1, 1, 305700, 1000, 306700, 0, '2023-02-22 12:25:32', '2023-02-22 17:45:49'),
(269, '2023-02-22', 2, 2, 1092300, 246800, 1339100, 0, '2023-02-22 17:46:33', '2023-02-23 03:04:04'),
(270, '2023-02-23', 1, 2, 308600, 6000, 314600, 0, '2023-02-23 11:54:34', '2023-02-23 18:29:27'),
(271, '2023-02-23', 2, 1, 665600, 79000, 744600, 2300, '2023-02-23 18:29:42', '2023-02-24 02:59:01'),
(272, '2023-02-24', 1, 1, 376200, 3000, 379200, 0, '2023-02-24 12:09:20', '2023-02-24 17:46:36'),
(273, '2023-02-24', 2, 2, 774800, 0, 774800, 0, '2023-02-24 17:47:18', '2023-02-25 02:56:22'),
(274, '2023-02-25', 3, 2, 578100, 191200, 769300, 0, '2023-02-25 11:55:31', '2023-02-25 18:57:51'),
(275, '2023-02-25', 4, 1, 747100, 0, 747100, 0, '2023-02-25 18:58:10', '2023-02-26 03:05:29'),
(276, '2023-02-26', 5, 1, 1214200, 0, 1214200, 0, '2023-02-26 13:03:49', '2023-02-27 03:04:20'),
(277, '2023-02-27', 1, 1, 479100, 0, 479100, 0, '2023-02-27 11:59:19', '2023-02-27 17:42:35'),
(278, '2023-02-27', 2, 2, 923500, 8000, 931500, 0, '2023-02-27 17:43:21', '2023-02-28 03:03:09'),
(279, '2023-02-28', 1, 2, 475600, 0, 475600, 0, '2023-02-28 11:57:15', '2023-02-28 17:44:26'),
(280, '2023-02-28', 2, 1, 886400, 40300, 926700, 0, '2023-02-28 17:44:44', '2023-03-01 02:58:38'),
(281, '2023-03-01', 1, 1, 396400, 13200, 409600, 0, '2023-03-01 12:03:59', '2023-03-02 20:39:21'),
(282, '2023-03-01', 2, 2, 874600, 40500, 915100, 0, '2023-03-01 17:47:22', '2023-03-02 03:03:59'),
(283, '2023-03-02', 1, 2, 371900, 0, 371900, 0, '2023-03-02 12:03:11', '2023-03-02 18:01:22'),
(284, '2023-03-02', 2, 1, 892400, 13000, 905400, 2100, '2023-03-02 18:04:27', '2023-03-03 03:06:06'),
(285, '2023-03-03', 1, 1, 564300, 99800, 664100, 0, '2023-03-03 12:35:30', '2023-03-03 17:49:09'),
(286, '2023-03-03', 2, 2, 972100, 24000, 996100, 0, '2023-03-03 17:50:35', '2023-03-04 03:00:57'),
(288, '2023-03-04', 3, 1, 520100, 0, 520100, 0, '2023-03-04 14:19:36', '2023-03-04 18:41:07'),
(289, '2023-03-04', 4, 2, 909800, 129000, 1038800, 7300, '2023-03-04 18:41:42', '2023-03-05 03:05:14'),
(290, '2023-03-05', 5, 2, 884900, 20000, 904900, 3000, '2023-03-05 12:54:33', '2023-03-05 20:57:23'),
(291, '2023-03-05', 5, 1, 460200, 0, 460200, 0, '2023-03-05 20:57:41', '2023-03-06 03:08:35'),
(292, '2023-03-06', 1, 1, 303100, 22000, 325100, 0, '2023-03-06 11:51:00', '2023-03-06 17:53:23'),
(293, '2023-03-06', 2, 2, 730700, 19400, 750100, 0, '2023-03-06 17:54:15', '2023-03-07 03:05:47'),
(294, '2023-03-07', 1, 2, 380800, 26900, 407700, 0, '2023-03-07 11:53:03', '2023-03-07 17:50:34'),
(295, '2023-03-07', 2, 1, 760700, 26000, 786700, 1000, '2023-03-07 17:50:58', '2023-03-08 02:58:29'),
(296, '2023-03-08', 1, 1, 280400, 11200, 291600, 8200, '2023-03-08 12:20:00', '2023-03-09 13:46:52'),
(297, '2023-03-08', 2, 2, 920500, 114800, 1035300, 0, '2023-03-08 17:44:02', '2023-03-09 02:59:32'),
(298, '2023-03-09', 1, 2, 396900, 0, 396900, 0, '2023-03-09 12:04:31', '2023-03-09 17:51:18'),
(299, '2023-03-09', 2, 1, 716100, 137250, 853350, 0, '2023-03-09 17:51:48', '2023-03-10 02:59:02'),
(300, '2023-03-10', 1, 1, 394300, 0, 394300, 0, '2023-03-10 12:08:27', '2023-03-10 17:52:13'),
(301, '2023-03-10', 2, 2, 921200, 38000, 959200, 12500, '2023-03-10 17:52:40', '2023-03-11 03:04:23'),
(302, '2023-03-11', 3, 2, 405700, 63100, 468800, 5600, '2023-03-11 11:56:49', '2023-03-11 19:07:10'),
(303, '2023-03-11', 4, 1, 1040700, 646000, 1686700, 0, '2023-03-11 19:07:26', '2023-03-12 13:19:58'),
(304, '2023-03-12', 5, 1, 1088000, 50000, 1138000, 0, '2023-03-12 13:20:21', '2023-03-13 03:06:42'),
(305, '2023-03-13', 1, 1, 386500, 0, 386500, 0, '2023-03-13 12:41:08', '2023-03-13 17:49:30'),
(306, '2023-03-13', 2, 2, 875800, 30000, 905800, 13500, '2023-03-13 17:50:09', '2023-03-14 03:01:32'),
(307, '2023-03-14', 1, 2, 219500, 8000, 227500, 0, '2023-03-14 11:59:15', '2023-03-14 17:53:19'),
(308, '2023-03-14', 2, 1, 771500, 46000, 817500, 0, '2023-03-14 17:53:59', '2023-03-15 03:10:20'),
(309, '2023-03-15', 1, 1, 320500, 30000, 350500, 0, '2023-03-15 11:58:12', '2023-03-15 17:49:48'),
(310, '2023-03-15', 2, 2, 1074400, 27500, 1101900, 0, '2023-03-15 17:51:29', '2023-03-16 02:59:20'),
(311, '2023-03-16', 1, 2, 448100, 10000, 458100, 0, '2023-03-16 12:06:28', '2023-03-16 17:53:46'),
(312, '2023-03-16', 2, 1, 977500, 48800, 1026300, 0, '2023-03-16 17:54:07', '2023-03-17 03:07:44'),
(313, '2023-03-17', 1, 1, 293000, 0, 293000, 0, '2023-03-17 11:52:15', '2023-03-17 17:48:44'),
(314, '2023-03-17', 2, 2, 1114600, 82000, 1196600, 0, '2023-03-17 17:49:06', '2023-03-18 03:09:13'),
(315, '2023-03-18', 3, 1, 492300, 170000, 662300, 15700, '2023-03-18 12:18:32', '2023-03-18 18:59:34'),
(316, '2023-03-18', 4, 2, 1151600, 31000, 1182600, 5700, '2023-03-18 18:59:59', '2023-03-19 03:04:48'),
(317, '2023-03-19', 5, 2, 1024100, 0, 1024100, 0, '2023-03-19 12:57:45', '2023-03-19 20:59:28'),
(318, '2023-03-20', 5, 1, 778100, 30000, 808100, 0, '2023-03-19 20:59:50', '2023-03-21 22:45:17'),
(319, '2023-03-21', 1, 2, 408500, 30000, 438500, 0, '2023-03-21 11:46:48', '2023-03-21 17:54:55'),
(320, '2023-03-21', 2, 1, 603700, 77000, 680700, 0, '2023-03-21 17:55:10', '2023-03-22 03:04:14'),
(321, '2023-03-22', 1, 1, 322200, 25500, 347700, 0, '2023-03-22 11:54:25', '2023-03-22 17:45:53'),
(322, '2023-03-22', 2, 2, 1261400, 68500, 1329900, 600, '2023-03-22 17:46:29', '2023-03-23 03:04:18'),
(323, '2023-03-23', 1, 2, 448600, 66500, 515100, 0, '2023-03-23 11:58:13', '2023-03-23 18:00:10'),
(324, '2023-03-23', 2, 1, 1002200, 255000, 1257200, 0, '2023-03-23 18:00:32', '2023-03-24 03:00:24'),
(325, '2023-03-24', 1, 1, 292400, 20000, 312400, 0, '2023-03-24 11:56:31', '2023-03-24 17:52:16'),
(326, '2023-03-24', 2, 2, 858500, 86000, 944500, 0, '2023-03-24 17:52:41', '2023-03-25 03:02:28'),
(327, '2023-03-25', 3, 2, 699000, 5400, 704400, 0, '2023-03-25 11:57:45', '2023-03-25 18:52:06'),
(328, '2023-03-25', 4, 1, 779900, 10000, 789900, 100, '2023-03-25 18:52:24', '2023-03-26 02:56:50'),
(329, '2023-03-26', 5, 1, 512100, 0, 512100, 0, '2023-03-26 13:13:23', '2023-03-26 20:56:55'),
(330, '2023-03-27', 1, 1, 351600, 49000, 400600, 0, '2023-03-27 12:10:49', '2023-03-27 17:42:21'),
(331, '2023-03-27', 2, 2, 659500, 63700, 723200, 0, '2023-03-27 17:42:58', '2023-03-28 03:01:33'),
(332, '2023-03-28', 1, 2, 350500, 6000, 356500, 0, '2023-03-28 11:55:52', '2023-03-28 17:52:18'),
(333, '2023-03-28', 2, 1, 902600, 100000, 1002600, 0, '2023-03-28 17:57:33', '2023-03-29 03:02:55'),
(334, '2023-03-29', 1, 1, 313300, 45000, 358300, 9700, '2023-03-29 12:17:58', '2023-03-29 17:45:00'),
(335, '2023-03-29', 2, 2, 623100, 78000, 701100, 1900, '2023-03-29 17:45:24', '2023-03-30 03:02:38'),
(336, '2023-03-30', 1, 2, 240100, 80000, 320100, 0, '2023-03-30 11:57:05', '2023-03-30 17:50:48'),
(337, '2023-03-30', 2, 1, 932200, 0, 932200, 0, '2023-03-30 17:51:02', '2023-03-31 03:05:24'),
(338, '2023-03-31', 1, 1, 2000000, 25000, 2025000, -3000, '2023-03-31 12:18:44', '2023-03-31 23:14:27'),
(339, '2023-03-31', 2, 2, NULL, NULL, NULL, NULL, '2023-03-31 17:53:21', NULL),
(340, '2023-04-17', 2, 2, NULL, NULL, NULL, NULL, '2023-04-17 21:22:13', NULL);

-- --------------------------------------------------------

--
-- Estructura de tabla para la tabla `USERS`
--

CREATE TABLE `USERS` (
  `user_id` int(5) NOT NULL,
  `user_nombre` varchar(50) NOT NULL,
  `user_apellido` varchar(50) NOT NULL,
  `user_user` varchar(20) NOT NULL,
  `user_password` varchar(10) NOT NULL,
  `user_perfil` int(5) NOT NULL,
  `user_vendedor` int(5) NOT NULL
) ENGINE=InnoDB DEFAULT CHARSET=utf8mb4 COLLATE=utf8mb4_general_ci;

--
-- Volcado de datos para la tabla `USERS`
--

INSERT INTO `USERS` (`user_id`, `user_nombre`, `user_apellido`, `user_user`, `user_password`, `user_perfil`, `user_vendedor`) VALUES
(1, 'YULY VANESSA', 'DIAZ', 'yudiaz', 'yudiaz', 1, 2),
(2, 'LORENA', 'BUENO', 'lobueno', 'lobueno', 1, 2),
(3, 'KAROL', 'PULIDO', 'kapulido', 'kapulido', 2, 2),
(4, 'MARINO', 'PEREZ', 'mavictoria', 'mavictoria', 1, 2),
(7, 'CRISTIAN', 'MONSALVE', 'crimonsalve', 'etica2020', 2, 1),
(8, 'SYSTEM', 'ADMIN_DEL_SISTEMA', 'system', 'system2020', 3, 1);

-- --------------------------------------------------------

--
-- Estructura de tabla para la tabla `VENTAS`
--

CREATE TABLE `VENTAS` (
  `venta_id` int(5) NOT NULL,
  `venta_fecha` timestamp NULL DEFAULT current_timestamp(),
  `venta_nombre_producto` varchar(50) NOT NULL,
  `venta_nombre_proveedor` varchar(50) NOT NULL,
  `venta_costo_producto` int(10) NOT NULL,
  `venta_valor_venta` int(10) NOT NULL,
  `venta_utilidad` int(10) NOT NULL,
  `user_id` int(5) DEFAULT NULL COMMENT 'vendedor',
  `turno_id` int(5) NOT NULL
) ENGINE=InnoDB DEFAULT CHARSET=utf8mb4 COLLATE=utf8mb4_general_ci;

--
-- Volcado de datos para la tabla `VENTAS`
--

INSERT INTO `VENTAS` (`venta_id`, `venta_fecha`, `venta_nombre_producto`, `venta_nombre_proveedor`, `venta_costo_producto`, `venta_valor_venta`, `venta_utilidad`, `user_id`, `turno_id`) VALUES
(169, '2023-02-08 20:50:43', 'TERBINAFINA CREMA', 'FARMAUNIDOS', 11500, 16500, 5000, 2, 229),
(170, '2023-02-08 14:00:33', 'INMOX 60MG', 'FAVORITA', 30000, 37900, 7900, 1, 230),
(171, '2023-02-07 14:05:34', 'LACTULAX', 'DROGUERIA CESPEDES', 4500, 10000, 5500, 2, 231),
(172, '2023-02-07 14:06:15', 'ANEMIDOX', 'RENE', 60000, 70000, 10000, 1, 231),
(173, '2023-02-07 19:41:35', 'TRASS', 'BUENOS AIRES JULIAN', 16000, 28000, 12000, 2, 231),
(174, '2023-02-07 14:09:12', 'DIHIDROCODEINA', 'DROGUIFARMA', 26700, 36000, 9300, 2, 231),
(175, '2023-02-07 21:28:12', 'BETADUO', 'RENE', 28000, 42000, 14000, 1, 232),
(176, '2023-02-07 21:28:48', 'BROMURO', 'FELIPE', 10000, 20000, 10000, 1, 232),
(177, '2023-02-07 21:29:31', 'CILOSTAL', 'FELIPE', 15000, 20000, 5000, 1, 232),
(178, '2023-02-07 21:30:12', 'ACIDO VALPROICO', 'MULTISERVICIOS', 6000, 10000, 4000, 1, 232),
(179, '2023-02-06 14:40:11', 'METOPROLOL SUCCINATO 100 MG', 'YOLANDA', 10000, 20000, 10000, 1, 233),
(180, '2023-02-06 14:40:43', 'SUCRALFATO', 'YOLANDA', 5000, 20000, 15000, 1, 233),
(181, '2023-02-06 14:41:16', 'PARCHE LEON', 'FAVORITA', 10000, 12000, 2000, 1, 233),
(182, '2023-02-06 21:43:25', 'FLUZETRIN', 'FAVORITA', 28000, 35000, 7000, 2, 234),
(183, '2023-02-06 21:44:03', 'DISTENTIA', 'YESS', 53000, 75000, 22000, 2, 234),
(184, '2023-02-06 21:44:53', 'DAFLON 500', 'DIEGO PALMAR', 20000, 25000, 5000, 1, 234),
(185, '2023-02-05 21:46:53', 'CARPROL 100 MG', 'FARMAUNIDOS', 33000, 40000, 7000, 2, 235),
(186, '2023-02-05 21:47:33', 'PIPOTIAZINA', 'COSMOCENTRO', 10000, 20000, 10000, 1, 235),
(187, '2023-02-05 21:48:13', 'ENTRESTO', 'DIEGO PALMAR', 80000, 115000, 35000, 2, 235),
(188, '2023-02-04 14:51:56', 'CONTEC TALLA L', 'MULTISERVICIOS', 35000, 45000, 10000, 1, 236),
(189, '2023-02-04 14:52:37', 'SULFATO DE ZINC TAB', 'SALUD DESCUENTOS', 10500, 15500, 5000, 1, 236),
(190, '2023-02-04 21:54:35', 'FENALGEX', 'FERNANDO', 29000, 45900, 16900, 1, 237),
(191, '2023-02-04 21:55:10', 'DORIXINA RELAX', 'CHIMINANGOS', 15000, 22000, 7000, 2, 237),
(192, '2023-02-03 14:57:01', 'CLEAROVAC', 'FARMACENTRO', 40000, 70000, 30000, 1, 238),
(193, '2023-02-03 14:57:26', 'NIFEDIPINO', 'FELIPE', 6000, 10000, 4000, 1, 238),
(194, '2023-02-03 14:57:52', 'ACIDO VALPROICO', 'ALBEIRO', 6000, 10000, 4000, 1, 238),
(195, '2023-02-03 14:58:28', 'CURAM 1G', 'COLOMBO', 11500, 45500, 34000, 1, 238),
(196, '2023-02-03 14:58:54', 'SYSTANE', 'FELIPE', 20000, 40000, 20000, 1, 238),
(197, '2023-02-02 15:53:48', 'TRASS', 'JULIAN', 16000, 26000, 10000, 2, 239),
(198, '2023-02-02 15:53:56', 'NOFERTYL', 'COLOMBO', 16000, 34000, 18000, 2, 239),
(199, '2023-02-02 22:05:54', 'PAROXETINA', 'SANTA RITA', 13700, 20000, 6300, 2, 240),
(200, '2023-02-01 14:07:33', 'CLENOX', 'MANUEL', 27000, 45000, 18000, 2, 241),
(201, '2023-02-01 14:57:33', 'PLENIV', 'FARFAN HERMANOS', 10800, 15000, 4200, 1, 241),
(202, '2023-02-01 14:08:37', 'NOFERTYL', 'COLOMBO', 8000, 17000, 9000, 1, 241),
(203, '2023-02-01 14:09:10', 'SINALGEN 2', 'RENE', 156000, 280000, 124000, 1, 241),
(204, '2023-02-01 14:10:08', 'MOMETASONA CREMA', 'JHON DEIVI', 14000, 24000, 10000, 3, 241),
(205, '2023-02-01 14:10:50', 'CROMOGLICATO OFTALMICO', 'PHARMACEUTICA', 6000, 16000, 10000, 1, 241),
(206, '2023-02-01 22:13:39', 'NOFERTYL', 'COLOMBO', 8000, 17000, 9000, 2, 242),
(207, '2023-02-01 22:14:12', 'WINADEINE F', 'DAVID', 15000, 35000, 20000, 2, 242),
(208, '2023-02-01 22:14:58', 'FVERONIQ MINI', 'SALUD DESCUENTOS', 24800, 27800, 3000, 1, 242),
(209, '2023-02-01 19:54:03', 'FEMELLE 20CD', 'FARFAN HERMANOS', 23900, 28000, 4100, 1, 242),
(210, '2023-02-01 22:16:21', 'PLENIV', 'FARFAN HERMANOS', 10800, 15000, 4200, 2, 242),
(211, '2023-02-08 22:17:49', 'BECLOMETASONA', 'FELIPE', 10000, 35000, 25000, 2, 229),
(212, '2023-02-08 22:18:38', 'MIELTERTOS JARABE', 'LA FAVORITA', 22000, 28000, 6000, 1, 229),
(214, '2023-02-08 19:16:03', 'EZETIMIBE', 'DIEGO PALMAR', 50000, 75000, 25000, 2, 229),
(215, '2023-02-08 19:16:34', 'NOFERTYL', 'COLOMBO', 16000, 34000, 18000, 1, 229),
(216, '2023-02-08 19:17:11', 'OMEGA 3', 'FARMACENTER', 22000, 35000, 13000, 1, 229),
(219, '2023-02-09 19:35:21', 'TRAYENTA 50 MG', 'MANUEL', 25000, 110000, 85000, 1, 243),
(220, '2023-02-03 20:03:14', 'NOFERTYL', 'COLOMBO', 8000, 17000, 9000, 2, 245),
(223, '2023-02-09 21:28:14', 'TRAYENTA 5 MG', 'FARMA UNIDOS', 40000, 110000, 70000, 2, 244),
(224, '2023-02-09 21:59:10', 'FENEXIM', 'SALUD DESCUENTO', 20000, 35000, 15000, 1, 244),
(225, '2023-02-09 22:05:41', 'PLENIV', 'FARFAN HERMANOS', 21600, 32000, 10400, 1, 244),
(226, '2023-02-09 23:49:04', 'VALSARTAN 80 MG', 'SALUD DESCUENTO', 44000, 54000, 10000, 1, 244),
(227, '2023-02-10 18:35:40', 'PROPANOLOL 80 MG', 'FARMAPRECIOS', 22000, 27000, 5000, 2, 247),
(228, '2023-02-10 19:41:36', 'DIHIDROCODEINA', 'DROGUIFARMA', 8900, 12000, 3100, 2, 247),
(229, '2023-02-10 22:26:27', 'MOMETASONA CREMA', 'YESS', 12000, 25000, 13000, 2, 247),
(230, '2023-02-11 01:58:44', 'MESIGYNA', 'FARMAUNIDOS', 39000, 48000, 9000, 2, 247),
(231, '2023-02-11 15:58:18', 'QLAIRA', 'SALUD DESCUENTO', 30000, 33000, 3000, 1, 248),
(232, '2023-02-11 16:07:31', 'EFEXOR', 'FAVORITA', 50000, 52000, 2000, 2, 248),
(234, '2023-02-11 18:48:53', 'PAROXETINA', 'ECOFARMA', 16000, 20000, 4000, 2, 248),
(235, '2023-02-11 18:49:22', 'NITROFURAZONA', 'FAVORITA', 15000, 30000, 15000, 2, 248),
(236, '2023-02-11 20:18:30', 'OBLAISER 2', 'ANDINA', 46000, 52000, 6000, 1, 249),
(237, '2023-02-11 20:33:44', 'FEMMELLE 20 CD', 'FARFAN HERMANOS', 96000, 102400, 6400, 1, 249),
(238, '2023-02-12 01:49:52', 'PLENIV', 'FARFAN HERMANOS', 10800, 16800, 6000, 3, 249),
(239, '2023-02-12 14:08:37', 'PREDNISONA 50 MG', 'FARMACENTE', 4000, 7000, 3000, 4, 250),
(240, '2023-02-12 20:12:27', 'CLARITROMICINA', 'DAVID', 26000, 30000, 4000, 1, 250),
(241, '2023-02-12 20:14:14', 'TRIFOLIUM', 'CARLOS LUIS PUEBLO', 98000, 108000, 10000, 1, 250),
(242, '2023-02-13 12:03:50', 'WARFARINA 5 MG', 'FELIPE', 20000, 37000, 17000, 1, 251),
(243, '2023-02-13 18:53:58', 'VALSATAN', 'YOLANDA', 14000, 25000, 11000, 1, 252),
(244, '2023-02-13 18:54:22', 'MATFORMINA 500MG', 'FELIPE', 6000, 40000, 34000, 2, 252),
(245, '2023-02-13 22:43:52', 'FREGEEN', 'FELIPE', 20000, 30000, 10000, 2, 252),
(246, '2023-02-14 16:20:47', 'NOFERTYL', 'SUPERGENERICO', 7000, 15000, 8000, 2, 253),
(247, '2023-02-14 16:21:19', 'RECOLECTOR ORINA 24 HORAS', 'COLOMBO', 7300, 12500, 5200, 2, 253),
(248, '2023-02-14 16:38:59', 'AMPICILINA', 'COLOMBO', 118000, 396000, 278000, 2, 253),
(249, '2023-02-14 18:29:59', 'DUCHA IMTIMA', 'FARMACENTER', 10500, 17000, 6500, 1, 254),
(250, '2023-02-14 20:46:34', 'FERRIMED PLUS', 'PALMAR', 20000, 35000, 15000, 1, 254),
(251, '2023-02-15 01:01:54', 'NOFERTYL', '12000', 18000, 30000, 12000, 1, 254),
(252, '2023-02-15 01:05:26', 'DORIXINA RELAX', 'ALVEIRO', 32000, 67000, 35000, 1, 254),
(253, '2023-02-15 01:58:09', 'ETORICOXIB 90', 'DROG IDEAL', 25000, 30000, 5000, 4, 254),
(254, '2023-02-15 02:14:42', 'BEXON DUO', 'SALUD DESCUENTO', 100000, 120000, 20000, 2, 254),
(255, '2023-02-15 02:19:04', 'SUAXINA', 'FEVISALUD', 40000, 67000, 27000, 1, 254),
(258, '2023-02-15 15:16:33', 'SINALGEN', 'COLOMBO', 13000, 25000, 12000, 4, 255),
(259, '2023-02-15 15:17:34', 'SINALGEN', 'COLOMBO', 13000, 25000, 12000, 1, 255),
(260, '2023-02-16 02:45:20', 'NOFERTY', 'COLOMBO', 9000, 15000, 6000, 1, 256),
(261, '2023-02-16 02:46:50', 'DESONIDA 1', 'FARFAN HERMANOS', 10500, 16500, 6000, 2, 256),
(262, '2023-02-16 17:21:08', 'NOFERTYL', 'COLOMBO', 9000, 15000, 6000, 2, 257),
(263, '2023-02-16 18:00:29', 'CARDIK', 'FELIPE', 30000, 100000, 70000, 2, 258),
(264, '2023-02-16 20:07:01', 'APIDRA', 'JULIAN', 7000, 25000, 18000, 1, 258),
(266, '2023-02-17 02:46:13', 'PEDIAVIT ZINC', 'FARMACENTER', 22100, 29100, 7000, 1, 258),
(267, '2023-02-17 13:04:24', 'CYSTOFLO', 'FEVISALUD', 16500, 20500, 4000, 1, 259),
(268, '2023-02-17 13:05:24', 'FORXIGA', 'DROG IDEAL', 60000, 100000, 40000, 1, 259),
(269, '2023-02-17 13:30:17', 'EUTIROX 137', 'FAVORITA', 73800, 83800, 10000, 1, 259),
(270, '2023-02-17 14:38:51', 'CURAM 1G', 'COLOMBO', 23000, 43000, 20000, 1, 259),
(271, '2023-02-17 16:16:48', 'PLENIV', 'FARFAN HERMANOS', 10800, 18800, 8000, 3, 259),
(272, '2023-02-17 19:51:44', 'EUTIROX Y CURAM', 'COLOMBO', 35000, 85000, 50000, 2, 260),
(273, '2023-02-17 22:08:46', 'INSULINA', 'FELIPE', 8000, 20000, 12000, 3, 260),
(274, '2023-02-17 23:37:41', 'NEUROBION', 'RENE', 30000, 35000, 5000, 2, 260),
(275, '2023-02-17 23:38:20', 'NIMODIPINO', 'FELPIE', 5000, 10000, 5000, 2, 260),
(277, '2023-02-18 13:18:37', 'NIFEDIPINO', 'YOLANDA', 5000, 10000, 5000, 1, 260),
(278, '2023-02-18 22:30:25', 'ISOFACE', 'RENE', 60000, 135000, 75000, 2, 262),
(279, '2023-02-18 23:30:13', 'BETAHUSTINA 16MG', 'DROGUIFARMA', 15000, 30000, 15000, 2, 262),
(280, '2023-02-19 00:04:59', 'ISOFACE 10MG', 'RENE', 50000, 80000, 30000, 2, 262),
(281, '2023-02-19 14:29:01', 'PLENIV', 'FARFAR HERMANOS', 10800, 15800, 5000, 2, 263),
(282, '2023-02-19 15:08:56', 'AVODART', 'ANDINA', 112000, 132000, 20000, 2, 263),
(284, '2023-02-20 13:51:05', 'KOTEX BUENAS NOCHES', 'SALUD DESCUENTO', 11600, 13600, 2000, 1, 264),
(285, '2023-02-20 14:23:18', 'CONTEC TALLA L', 'ALVEIRO', 35000, 45000, 10000, 1, 264),
(286, '2023-02-20 15:28:39', 'PAÑAL TENA POR 30 M', 'ALVEIRO', 50000, 55000, 5000, 1, 264),
(287, '2023-02-20 15:29:32', 'LIRYCA 75', 'YOLANDA', 20000, 35000, 15000, 1, 264),
(288, '2023-02-21 00:04:31', 'SILDENAFIL Y MEGA SEX', 'SUPERGENERICO', 179000, 270000, 91000, 2, 265),
(289, '2023-02-21 02:02:53', 'CARBONATO DE LITIO', 'FELIPE', 35000, 50000, 15000, 2, 265),
(290, '2023-02-21 02:30:18', 'GLICKIT', 'YOLANADA', 10000, 40000, 30000, 2, 265),
(291, '2023-02-21 13:29:04', 'MARIMER BABY', 'FAVORITA', 52500, 57500, 5000, 1, 266),
(292, '2023-02-21 14:59:00', 'MONURIL', 'FAVORITA', 19000, 30000, 11000, 2, 266),
(293, '2023-02-21 17:39:23', 'LOSARTAN DE LA SANTE 50MG', 'COLOMBO', 16000, 24000, 8000, 1, 266),
(294, '2023-02-21 21:56:44', 'FIXAMICIN', 'PRADOS', 17000, 29900, 12900, 1, 267),
(295, '2023-02-22 17:21:40', 'REPELENTE ICOM', 'SALUD DESCUENTO', 11800, 12800, 1000, 1, 268),
(297, '2023-02-22 19:10:51', 'PLENIV', 'FARFAN HERMANOS', 10800, 18800, 8000, 1, 269),
(298, '2023-02-22 20:00:38', 'BETADUO Y CEFRADOXILO', 'RENE Y PUEBLO', 56000, 110000, 54000, 2, 269),
(299, '2023-02-22 20:25:48', 'KEPPRA 1000MG', 'VIDAL', 35000, 65000, 30000, 2, 269),
(300, '2023-02-22 22:10:12', 'VIGIA', 'FARMA UNIDOS', 30000, 45000, 15000, 2, 269),
(301, '2023-02-22 23:04:41', 'ORLISTA 120MG', 'RENE', 136000, 176000, 40000, 2, 269),
(303, '2023-02-23 00:32:06', 'SULTAMICILINA 250MG', 'DROGUERIA  LA IDEAL', 45000, 80000, 35000, 1, 269),
(304, '2023-02-23 01:16:45', 'OLANZAPINA 10MG', 'COLOMBO', 37000, 90000, 53000, 2, 269),
(305, '2023-02-23 01:38:45', 'PLENIV', 'FARFAN HERMANOS', 10500, 18500, 8000, 1, 269),
(306, '2023-02-23 01:39:38', 'LOMECAN', 'SALUD DESCUENTO', 26000, 29800, 3800, 1, 269),
(307, '2023-02-23 14:13:41', 'FEMELLE 20CD', 'FAVORITA', 25000, 28000, 3000, 2, 270),
(308, '2023-02-23 18:16:53', 'PAÑAL 0', 'FARMACENTER', 18000, 21000, 3000, 1, 270),
(309, '2023-02-23 21:40:35', 'OSCILLOCOCIUM', 'FEVISALUD', 48500, 54500, 6000, 1, 271),
(310, '2023-02-23 22:49:54', 'ANEMIDOX', 'RENE', 60000, 85000, 25000, 3, 271),
(311, '2023-02-24 00:19:43', 'CIPROFIBRATO', 'YOLANADA', 10000, 20000, 10000, 1, 271),
(312, '2023-02-24 00:23:17', 'NIFEDIPINO', 'COLOMBO', 1000, 10000, 9000, 1, 271),
(313, '2023-02-24 00:24:14', 'LIRYCA 75', 'YOLANDA', 20000, 45000, 25000, 2, 271),
(314, '2023-02-24 01:12:48', 'LEVOTIROXINA 50MG', 'MULTISERVICIOS', 4000, 8000, 4000, 4, 271),
(315, '2023-02-24 14:15:04', 'DIOSMIT', 'SALUD DESCUENTO', 10000, 13000, 3000, 1, 272),
(316, '2023-02-25 16:22:22', 'ERITROPROYECTINA', 'COLOMBO', 34800, 60000, 25200, 2, 274),
(317, '2023-02-25 17:11:11', 'BOLAXTEN 20MG', 'DIEGO', 15000, 35000, 20000, 2, 274),
(318, '2023-02-25 17:26:51', 'SINALGEN', 'MAIDA', 134000, 280000, 146000, 1, 274),
(319, '2023-02-27 23:43:57', 'PLENIV', 'FARFAN HERMANOS', 10800, 18800, 8000, 2, 278),
(320, '2023-02-28 21:19:45', 'DUOTRAV GOTAS ', 'CONFANDI', 129700, 170000, 40300, 1, 280),
(321, '2023-03-01 13:46:11', 'CATETER 24', 'COLOMBO', 18000, 20000, 2000, 1, 281),
(322, '2023-03-01 15:20:49', 'ESTERMAX', 'SALUD DESCUENTO', 23800, 35000, 11200, 1, 281),
(323, '2023-03-01 18:32:48', 'CELOCOXIB 100MG', 'ANDINA', 8500, 10000, 1500, 1, 282),
(324, '2023-03-01 23:05:50', 'IRBESARTAN 300MG', 'LORENA', 0, 25000, 25000, 2, 282),
(325, '2023-03-02 01:28:48', 'DESVENLAFAXINA', 'FARMACENTER', 41500, 45500, 4000, 1, 282),
(326, '2023-03-02 02:58:42', 'ETORICOXIB 90', 'JOSE LUIS', 11000, 21000, 10000, 1, 282),
(327, '2023-03-02 20:47:29', 'NOFERTYL', 'COLOMBO', 9000, 15000, 6000, 1, 284),
(328, '2023-03-03 02:40:45', 'VACUNA', 'FARMACENTER', 15200, 22200, 7000, 4, 284),
(329, '2023-03-03 12:36:32', 'ALENDONATO', 'DIEGO', 5000, 15000, 10000, 1, 285),
(330, '2023-03-03 13:15:19', 'MONURIL', 'SALUD DESCUENTO', 51000, 75000, 24000, 1, 285),
(331, '2023-03-03 13:17:37', 'UROVITAL', 'SALUD DESCUENTO', 34000, 59800, 25800, 1, 285),
(332, '2023-03-03 15:30:19', 'COLESTIR 10/20', 'YOLANDA', 60000, 100000, 40000, 1, 285),
(333, '2023-03-03 17:51:04', 'DORIXINA RELAX', 'EL PUEBLO', 15000, 25000, 10000, 2, 286),
(334, '2023-03-03 19:01:30', 'DAIVOBET ', 'FARMA UNIDOS', 110000, 120000, 10000, 2, 286),
(335, '2023-03-03 20:15:14', 'FACETIX SUAVE', 'DIEGO PALMAR', 12000, 16000, 4000, 2, 286),
(336, '2023-03-04 19:49:41', 'PENTOXIFILINA', 'DIANA PUERTA', 33000, 55000, 22000, 2, 289),
(337, '2023-03-04 19:52:49', 'SUMATRPTAN Y DIOVAN', 'FAVORITA Y DIEGO', 75000, 100000, 25000, 2, 289),
(338, '2023-03-04 22:47:57', 'CLOROQUINA', 'YOLANDA', 55000, 137000, 82000, 1, 289),
(339, '2023-03-05 19:48:37', 'BLECOMETASONA', 'FELIPE', 10000, 30000, 20000, 2, 290),
(340, '2023-03-06 15:49:06', 'DONABELLA', 'DIEGO', 11000, 13000, 2000, 1, 292),
(341, '2023-03-06 16:39:55', 'APIDRA', 'MARINO', 5000, 25000, 20000, 1, 292),
(342, '2023-03-07 00:52:58', 'PLENIV Y ECLAM', 'FARFAN ', 73600, 93000, 19400, 2, 293),
(343, '2023-03-07 13:45:21', 'PROPANOLOL 80 Y EUTIROX', 'COLOMBO', 18100, 45000, 26900, 2, 294),
(344, '2023-03-07 18:34:59', 'CARDIK-IN', 'YESS', 67000, 77000, 10000, 1, 295),
(345, '2023-03-07 18:57:20', 'ENGYSTOL', 'SALUD DESCUENTO', 52500, 56500, 4000, 1, 295),
(346, '2023-03-07 19:40:12', 'NOFERTYL', 'DIEGO', 18000, 30000, 12000, 1, 295),
(347, '2023-03-08 14:55:17', 'PLENIV', 'FARFAN HERMANOS', 10600, 15600, 5000, 1, 296),
(348, '2023-03-08 16:42:23', 'OMEPREZOL AMPOLLA', 'COLOMBO', 3800, 10000, 6200, 1, 296),
(349, '2023-03-08 19:28:14', 'PANTOPRAZOL Y DORIXINA RELAX', 'YOLANDA', 50000, 85000, 35000, 2, 297),
(350, '2023-03-09 00:23:47', 'PROCOLARAN/SUCCINATO 50', 'CONFANDI', 143200, 190000, 46800, 1, 297),
(351, '2023-03-09 00:43:13', 'PREDNISONA', 'FARMACENTER', 4000, 7000, 3000, 1, 297),
(352, '2023-03-09 00:50:29', 'DONABELLA', 'MEDISALUD', 11000, 16000, 5000, 2, 297),
(353, '2023-03-09 02:47:11', 'ANEMIDOX', 'RENE', 60000, 85000, 25000, 2, 297),
(354, '2023-03-09 18:21:32', 'CALCITRIOL 05', 'YOLANDA', 10000, 45000, 35000, 1, 299),
(355, '2023-03-09 20:40:34', 'NITRAX', 'SUPERGENERICO', 81750, 140000, 58250, 2, 299),
(356, '2023-03-10 02:08:20', 'VEDIPAL', 'DIEGO', 50000, 66000, 16000, 4, 299),
(357, '2023-03-10 02:09:45', 'DEFLAZACOR/VEDIPAL', 'DIEGO', 50000, 66000, 16000, 1, 299),
(358, '2023-03-10 02:31:09', 'JARDIANCE', 'YOLANDA', 40000, 52000, 12000, 1, 299),
(359, '2023-03-10 18:23:48', 'HIOSCINA', 'FARMACENTER', 4000, 10000, 6000, 2, 301),
(360, '2023-03-10 22:22:48', 'PEG', 'CESAR', 18000, 45000, 27000, 1, 301),
(361, '2023-03-11 01:36:19', 'VITAMINA E 1000 UI', 'BARON', 35900, 40900, 5000, 2, 301),
(362, '2023-03-11 13:00:09', 'EUTIROX 100 MG', 'COLOMBO', 12500, 35000, 22500, 4, 302),
(363, '2023-03-11 14:26:57', 'PEPRED', 'SUPER DESCUENTO', 68000, 83000, 15000, 2, 302),
(364, '2023-03-11 16:53:42', 'CEFALEXINA MK Y BIPERIDENO', 'COLOMBO', 17000, 42600, 25600, 2, 302),
(365, '2023-03-11 20:03:38', 'OZENPIC AZUL', 'FARMAUNIDOS', 3000000, 3600000, 600000, 1, 303),
(366, '2023-03-11 21:40:15', 'EUTIROX 25', 'DIANA PUERTA', 39000, 45000, 6000, 1, 303),
(367, '2023-03-11 22:01:01', 'ELIQUIS 2.5', 'DUFAY GARCIA', 60000, 100000, 40000, 1, 303),
(368, '2023-03-12 16:27:34', 'IMIGRAN', 'CESAR', 15000, 40000, 25000, 2, 304),
(369, '2023-03-13 02:32:21', 'XIGDUO', 'YOLANDA', 50000, 75000, 25000, 1, 304),
(370, '2023-03-13 20:56:50', 'BISBACER', 'SALUD DESCUENTO', 15000, 25000, 10000, 2, 306),
(371, '2023-03-13 21:08:16', 'CARBIDOPA', 'COLOMBO', 10000, 30000, 20000, 1, 306),
(372, '2023-03-14 15:30:21', 'ARAMAX', 'YESS', 57000, 65000, 8000, 2, 307),
(373, '2023-03-14 22:31:57', 'BILAXTEN', 'DIANA PUERTA', 26000, 42000, 16000, 1, 308),
(374, '2023-03-15 00:14:36', 'LEVOTIROXINA112', 'COSMOCENTRO', 17000, 37000, 20000, 1, 308),
(375, '2023-03-15 00:21:00', 'TRAV PIK', 'DAVID', 77000, 87000, 10000, 1, 308),
(376, '2023-03-15 12:16:14', 'ANEMIDOX', 'RENE', 60000, 70000, 10000, 1, 309),
(377, '2023-03-15 14:50:38', 'DISMIGRAS', 'DROGUERIA LA IDEAL', 15000, 35000, 20000, 1, 309),
(378, '2023-03-15 22:30:33', 'NFLACOR', 'SALUD DESCUENTO', 44500, 55000, 10500, 2, 310),
(379, '2023-03-16 01:24:08', 'PANTOPRAZOL', 'DROGUERIA BUENOS AIRES', 13000, 30000, 17000, 1, 310),
(380, '2023-03-16 13:46:48', 'VENTILAN', 'ELPUEBLO', 21000, 31000, 10000, 2, 311),
(381, '2023-03-16 21:27:07', 'ODRONAL 150MG', 'JHON DAVID', 50000, 75600, 25600, 1, 312),
(382, '2023-03-16 23:04:47', 'MONURIL', 'SALUD DESCUENTO', 51000, 69000, 18000, 3, 312),
(383, '2023-03-16 23:24:25', 'OZELA SUAVE PLANIFICACION', 'REBAJA', 21000, 26200, 5200, 1, 312),
(385, '2023-03-17 20:10:21', 'ISOFACE', 'RENE', 60000, 140000, 80000, 2, 314),
(386, '2023-03-18 01:55:24', 'TRRIMEBUTINA+SIMETICONA', 'NEDISALUD', 18000, 20000, 2000, 2, 314),
(387, '2023-03-18 12:20:31', 'CARDIF', 'DIEGO', 30000, 100000, 70000, 2, 315),
(388, '2023-03-18 16:20:42', 'TRIFAMOX', 'FAVORITA', 67000, 85000, 18000, 1, 315),
(390, '2023-03-18 17:19:04', 'LIPOSTAN', 'FAVORITA', 17000, 21000, 4000, 1, 315),
(391, '2023-03-18 17:19:54', 'EUTORIX 88MG', 'PALOBONITO', 40000, 58000, 18000, 1, 315),
(392, '2023-03-18 17:24:43', 'BETADUO', 'RENE', 20000, 45000, 25000, 3, 315),
(393, '2023-03-18 17:42:26', 'MOBIC AMPLL/ERICOX', 'SALUD DESCUENTO/FELIPE', 33000, 63000, 30000, 1, 315),
(394, '2023-03-18 18:55:26', 'CLORURO MAGNESIO', 'FAVORITA', 5000, 10000, 5000, 1, 315),
(396, '2023-03-18 20:24:27', 'RINAID', 'TI FARMA', 30000, 50000, 20000, 2, 316),
(397, '2023-03-18 23:17:02', 'BETADUO', 'ECOFARMA', 24000, 35000, 11000, 2, 316),
(398, '2023-03-20 17:07:34', 'FENOBARVITAL', 'DUEGO', 60000, 90000, 30000, 2, 318),
(399, '2023-03-21 14:53:28', 'IMIGRAN', 'CESAR', 15000, 45000, 30000, 2, 319),
(400, '2023-03-21 22:40:24', 'SUPOSITORIO/LIDOPROCTO', 'COSMOCENTRO/JULIAN', 27500, 35000, 7500, 1, 320),
(401, '2023-03-22 00:16:55', 'SUPOSITORIO', 'COSMOCENTRO', 7500, 10000, 2500, 1, 320),
(402, '2023-03-22 00:18:16', 'PIREL', 'TRIANGULO BLANCO', 26200, 63200, 37000, 1, 320),
(403, '2023-03-22 01:51:09', 'GLUCERNA', 'MEDISALUD', 85000, 95000, 10000, 1, 320),
(404, '2023-03-22 02:51:41', 'PANTOPRAZOL', 'YOLANDA', 20000, 40000, 20000, 2, 320),
(405, '2023-03-22 15:35:01', 'PENICILINA', 'COLOMBO', 1800, 20000, 18200, 1, 321),
(406, '2023-03-22 16:57:56', 'IVERMECTINA TABLETA', 'VAQUERO', 14000, 21300, 7300, 1, 321),
(407, '2023-03-22 18:35:42', 'MUXOL NIÑOS', 'SALUD DESCUENTO', 34500, 40000, 5500, 2, 322),
(408, '2023-03-22 19:25:02', 'ORLISTA', 'RENE', 136000, 160000, 24000, 2, 322),
(409, '2023-03-22 19:57:16', 'CURAM', 'COLOMBO', 23000, 62000, 39000, 1, 322),
(410, '2023-03-23 16:56:15', 'AVODART Y  VITAMINA', 'SALUD DESCUENTO  Y FULGENCIO', 177500, 244000, 66500, 2, 323),
(411, '2023-03-23 18:37:33', 'NULITELY', 'COSMOCENTRO', 16000, 25000, 9000, 2, 324),
(413, '2023-03-23 20:01:13', 'SINALGEN', 'RENE', 120000, 280000, 160000, 1, 324),
(414, '2023-03-23 21:51:29', 'CLINDAMICINA AMPOLLA', 'COLOMBO', 5000, 10000, 5000, 1, 324),
(415, '2023-03-23 22:51:41', 'FEXOFENADINA ', 'FAVORITA', 74500, 85500, 11000, 1, 324),
(416, '2023-03-24 02:16:30', 'ISOFACE', 'RENE', 60000, 130000, 70000, 2, 324),
(417, '2023-03-24 16:30:16', 'OSTEOCAL D', 'DIANA', 10000, 30000, 20000, 1, 325),
(418, '2023-03-24 23:32:19', 'HIDROLAN', 'FARFAN HERMANOS', 10000, 14000, 4000, 1, 326),
(419, '2023-03-24 23:34:02', 'CARDIK', 'DIEGO', 48000, 70000, 22000, 2, 326),
(420, '2023-03-25 01:38:47', 'TELMISARTAN Y BETAHISTINA 24MG', 'YOLANDA PALOBONITO', 80000, 140000, 60000, 2, 326),
(421, '2023-03-25 16:32:13', 'FLOERATIL', 'SALUD DESCUENTO', 11600, 17000, 5400, 2, 327),
(422, '2023-03-25 23:46:03', 'DUODECADRON', 'ALVEIRO', 25000, 35000, 10000, 1, 328),
(423, '2023-03-27 14:28:26', 'LEPRIT ENZIMATICO', 'FAVORITA', 116000, 135000, 19000, 1, 330),
(424, '2023-03-27 14:56:50', 'CLEAROBAC ', 'FELIPE', 40000, 70000, 30000, 1, 330),
(425, '2023-03-27 23:17:27', 'ADROLAN', 'CESAR', 25000, 88700, 63700, 1, 331),
(426, '2023-03-28 14:35:00', 'CORASAN', 'FAVORITA', 17000, 23000, 6000, 1, 332),
(427, '2023-03-28 20:14:18', 'SOPHIPRN/OFTAMOX', 'PUEBLO/DAVID', 56000, 123000, 67000, 1, 333),
(428, '2023-03-28 20:18:24', 'HIDROTEN/LYRICA 50MG', 'DAVID/CESAR', 80000, 113000, 33000, 1, 333),
(429, '2023-03-29 12:18:46', 'EUTIROX 50MG', 'RENE', 10000, 45000, 35000, 1, 334),
(430, '2023-03-29 13:55:05', 'NEUROBION TAB', 'RENE', 30000, 40000, 10000, 2, 334),
(431, '2023-03-29 20:17:13', 'EUTIROX Y WINADEINE', 'SOLUMED', 22000, 65000, 43000, 2, 335),
(432, '2023-03-30 00:28:10', 'DEXLANZOPRAZOL/TIZANIDINA', 'FELIPE', 145000, 180000, 35000, 1, 335),
(433, '2023-03-30 15:39:13', 'VERUM', 'SOLUMED', 20000, 100000, 80000, 2, 336),
(434, '2023-03-31 15:06:20', 'CLEAROBAC ', 'FELIPE', 10000, 25000, 15000, 1, 338),
(435, '2023-03-31 19:36:59', 'NIFEDIPINO', 'FELIPE', 9000, 30000, 21000, 2, 339),
(436, '2023-03-31 23:14:04', 'PRUEBA', 'PROVEE', 40000, 50000, 10000, 1, 338),
(438, '2023-04-25 13:32:15', 'POMADA CAFE OSCURA', 'ALMACEN DE LA ESQUINA', 3000, 5000, 2000, 1, 340);

--
-- Índices para tablas volcadas
--

--
-- Indices de la tabla `ACCESOS`
--
ALTER TABLE `ACCESOS`
  ADD PRIMARY KEY (`acceso_id`);

--
-- Indices de la tabla `BARRIOS`
--
ALTER TABLE `BARRIOS`
  ADD PRIMARY KEY (`barrio_id`);

--
-- Indices de la tabla `CLIENTES`
--
ALTER TABLE `CLIENTES`
  ADD PRIMARY KEY (`cliente_id`),
  ADD KEY `barrio_id` (`barrio_id`);

--
-- Indices de la tabla `JORNADAS`
--
ALTER TABLE `JORNADAS`
  ADD PRIMARY KEY (`jornada_id`);

--
-- Indices de la tabla `PERFILES`
--
ALTER TABLE `PERFILES`
  ADD PRIMARY KEY (`perfil_id`);

--
-- Indices de la tabla `ROL_VENDEDOR`
--
ALTER TABLE `ROL_VENDEDOR`
  ADD PRIMARY KEY (`rol_vendedor_id`);

--
-- Indices de la tabla `TURNOS`
--
ALTER TABLE `TURNOS`
  ADD PRIMARY KEY (`turno_id`),
  ADD KEY `turno_responsable` (`turno_responsable`),
  ADD KEY `turno_jornada` (`turno_jornada`);

--
-- Indices de la tabla `USERS`
--
ALTER TABLE `USERS`
  ADD PRIMARY KEY (`user_id`),
  ADD KEY `perfil_id` (`user_perfil`),
  ADD KEY `rol_vendedor_id` (`user_vendedor`);

--
-- Indices de la tabla `VENTAS`
--
ALTER TABLE `VENTAS`
  ADD PRIMARY KEY (`venta_id`),
  ADD KEY `user_id` (`user_id`),
  ADD KEY `turno_id` (`turno_id`);

--
-- AUTO_INCREMENT de las tablas volcadas
--

--
-- AUTO_INCREMENT de la tabla `ACCESOS`
--
ALTER TABLE `ACCESOS`
  MODIFY `acceso_id` int(5) NOT NULL AUTO_INCREMENT, AUTO_INCREMENT=217;

--
-- AUTO_INCREMENT de la tabla `BARRIOS`
--
ALTER TABLE `BARRIOS`
  MODIFY `barrio_id` int(5) NOT NULL AUTO_INCREMENT, AUTO_INCREMENT=181;

--
-- AUTO_INCREMENT de la tabla `CLIENTES`
--
ALTER TABLE `CLIENTES`
  MODIFY `cliente_id` int(5) NOT NULL AUTO_INCREMENT, AUTO_INCREMENT=2;

--
-- AUTO_INCREMENT de la tabla `JORNADAS`
--
ALTER TABLE `JORNADAS`
  MODIFY `jornada_id` int(5) NOT NULL AUTO_INCREMENT, AUTO_INCREMENT=6;

--
-- AUTO_INCREMENT de la tabla `PERFILES`
--
ALTER TABLE `PERFILES`
  MODIFY `perfil_id` int(5) NOT NULL AUTO_INCREMENT, AUTO_INCREMENT=4;

--
-- AUTO_INCREMENT de la tabla `ROL_VENDEDOR`
--
ALTER TABLE `ROL_VENDEDOR`
  MODIFY `rol_vendedor_id` int(5) NOT NULL AUTO_INCREMENT, AUTO_INCREMENT=6;

--
-- AUTO_INCREMENT de la tabla `TURNOS`
--
ALTER TABLE `TURNOS`
  MODIFY `turno_id` int(5) NOT NULL AUTO_INCREMENT, AUTO_INCREMENT=341;

--
-- AUTO_INCREMENT de la tabla `USERS`
--
ALTER TABLE `USERS`
  MODIFY `user_id` int(5) NOT NULL AUTO_INCREMENT, AUTO_INCREMENT=28;

--
-- AUTO_INCREMENT de la tabla `VENTAS`
--
ALTER TABLE `VENTAS`
  MODIFY `venta_id` int(5) NOT NULL AUTO_INCREMENT, AUTO_INCREMENT=439;

--
-- Restricciones para tablas volcadas
--

--
-- Filtros para la tabla `CLIENTES`
--
ALTER TABLE `CLIENTES`
  ADD CONSTRAINT `CLIENTES_ibfk_1` FOREIGN KEY (`barrio_id`) REFERENCES `BARRIOS` (`barrio_id`);

--
-- Filtros para la tabla `TURNOS`
--
ALTER TABLE `TURNOS`
  ADD CONSTRAINT `TURNOS_ibfk_1` FOREIGN KEY (`turno_responsable`) REFERENCES `USERS` (`user_id`),
  ADD CONSTRAINT `TURNOS_ibfk_2` FOREIGN KEY (`turno_jornada`) REFERENCES `JORNADAS` (`jornada_id`);

--
-- Filtros para la tabla `USERS`
--
ALTER TABLE `USERS`
  ADD CONSTRAINT `USERS_ibfk_1` FOREIGN KEY (`user_perfil`) REFERENCES `PERFILES` (`perfil_id`),
  ADD CONSTRAINT `USERS_ibfk_2` FOREIGN KEY (`user_vendedor`) REFERENCES `ROL_VENDEDOR` (`rol_vendedor_id`);

--
-- Filtros para la tabla `VENTAS`
--
ALTER TABLE `VENTAS`
  ADD CONSTRAINT `VENTAS_ibfk_1` FOREIGN KEY (`user_id`) REFERENCES `USERS` (`user_id`),
  ADD CONSTRAINT `VENTAS_ibfk_2` FOREIGN KEY (`turno_id`) REFERENCES `TURNOS` (`turno_id`);
COMMIT;

/*!40101 SET CHARACTER_SET_CLIENT=@OLD_CHARACTER_SET_CLIENT */;
/*!40101 SET CHARACTER_SET_RESULTS=@OLD_CHARACTER_SET_RESULTS */;
/*!40101 SET COLLATION_CONNECTION=@OLD_COLLATION_CONNECTION */;
